slot,user_label,layout,area,dark_area,pad,Variable
A,00F1A6,no large,0.25,0.3087,1,SnO2
A,00F1A6,no large,0.25,0.3087,2,SnO2
A,00F1A6,no large,0.25,0.3087,3,SnO2
A,00F1A6,no large,0.25,0.3087,4,SnO2
A,00F1A6,no large,0.25,0.3087,5,SnO2
A,00F1A6,no large,0.25,0.3087,6,SnO2
B,00F1A7,no large,0.25,0.3087,1,SnO2
B,00F1A7,no large,0.25,0.3087,2,SnO2
B,00F1A7,no large,0.25,0.3087,3,SnO2
B,00F1A7,no large,0.25,0.3087,4,SnO2
B,00F1A7,no large,0.25,0.3087,5,SnO2
B,00F1A7,no large,0.25,0.3087,6,SnO2
C,00F1A8,no large,0.25,0.3087,1,SnO2
C,00F1A8,no large,0.25,0.3087,2,SnO2
C,00F1A8,no large,0.25,0.3087,3,SnO2
C,00F1A8,no large,0.25,0.3087,4,SnO2
C,00F1A8,no large,0.25,0.3087,5,SnO2
C,00F1A8,no large,0.25,0.3087,6,SnO2
D,00F1A9,no large,0.25,0.3087,1,SnO2
D,00F1A9,no large,0.25,0.3087,2,SnO2
D,00F1A9,no large,0.25,0.3087,3,SnO2
D,00F1A9,no large,0.25,0.3087,4,SnO2
D,00F1A9,no large,0.25,0.3087,5,SnO2
D,00F1A9,no large,0.25,0.3087,6,SnO2
E,00F1AA,no large,0.25,0.3087,1,SnO2
E,00F1AA,no large,0.25,0.3087,2,SnO2
E,00F1AA,no large,0.25,0.3087,3,SnO2
E,00F1AA,no large,0.25,0.3087,4,SnO2
E,00F1AA,no large,0.25,0.3087,5,SnO2
E,00F1AA,no large,0.25,0.3087,6,SnO2
