slot,user_label,layout,area,dark_area,pad,Variable
A,00F73F,no large,0.25,0.3087,1,BCP
A,00F73F,no large,0.25,0.3087,2,BCP
A,00F73F,no large,0.25,0.3087,3,BCP
A,00F73F,no large,0.25,0.3087,4,BCP
A,00F73F,no large,0.25,0.3087,5,BCP
A,00F73F,no large,0.25,0.3087,6,BCP
B,00F740,no large,0.25,0.3087,1,BCP
B,00F740,no large,0.25,0.3087,2,BCP
B,00F740,no large,0.25,0.3087,3,BCP
B,00F740,no large,0.25,0.3087,4,BCP
B,00F740,no large,0.25,0.3087,5,BCP
B,00F740,no large,0.25,0.3087,6,BCP
C,00F742,no large,0.25,0.3087,1,BCP_flipped
C,00F742,no large,0.25,0.3087,2,BCP_flipped
C,00F742,no large,0.25,0.3087,3,BCP_flipped
C,00F742,no large,0.25,0.3087,4,BCP_flipped
C,00F742,no large,0.25,0.3087,5,BCP_flipped
C,00F742,no large,0.25,0.3087,6,BCP_flipped
D,00F743,no large,0.25,0.3087,1,BCP_flipped
D,00F743,no large,0.25,0.3087,2,BCP_flipped
D,00F743,no large,0.25,0.3087,3,BCP_flipped
D,00F743,no large,0.25,0.3087,4,BCP_flipped
D,00F743,no large,0.25,0.3087,5,BCP_flipped
D,00F743,no large,0.25,0.3087,6,BCP_flipped
E,00F744,no large,0.25,0.3087,1,BCP
E,00F744,no large,0.25,0.3087,2,BCP
E,00F744,no large,0.25,0.3087,3,BCP
E,00F744,no large,0.25,0.3087,4,BCP
E,00F744,no large,0.25,0.3087,5,BCP
E,00F744,no large,0.25,0.3087,6,BCP
